"Time","running.last {id: 03cfac713ddb}","running.last {id: 05d4edb11ccc}","running.last {id: 05e2dc4bab48}","running.last {id: 12fe0edb1a22}","running.last {id: 142e2512faa4}","running.last {id: 15a356ee90d0}","running.last {id: 163e8d73fac5}","running.last {id: 166622bd256d}","running.last {id: 187ae6236163}","running.last {id: 1979919fbf0f}","running.last {id: 2031a9936382}","running.last {id: 22e7a6017802}","running.last {id: 28044ba4a7ad}","running.last {id: 30b396f84a51}","running.last {id: 313b8f5d58f6}","running.last {id: 3bfa9412b3ac}","running.last {id: 3d1d30a896da}","running.last {id: 3f2ea48c60e7}","running.last {id: 44f61de09fce}","running.last {id: 452cf0ed41fe}","running.last {id: 45e6d34f3c90}","running.last {id: 4da229ff9647}","running.last {id: 50242d33e417}","running.last {id: 507aa07cb3f4}","running.last {id: 534f7ede4add}","running.last {id: 6024efb8fa75}","running.last {id: 64028b5fe4a9}","running.last {id: 6fd3deb2ffa9}","running.last {id: 750c1c44fa91}","running.last {id: 79f51af621c3}","running.last {id: 7e1362b171c6}","running.last {id: 7e650620618f}","running.last {id: a54271c49348}","running.last {id: ac0c887de21e}","running.last {id: ad93e254a539}","running.last {id: b049c32b2cc4}","running.last {id: b1d55b931020}","running.last {id: b63b699c8207}","running.last {id: bec16363de34}","running.last {id: c0dfc0337d50}","running.last {id: cb8816b39dc5}","running.last {id: cbacbdd4ead4}","running.last {id: d665d2bb7bd6}","running.last {id: dd3871aa1c44}","running.last {id: e25b10447cf0}","running.last {id: e623c5f5dc60}","running.last {id: e6f7c1e58817}","running.last {id: e8ca08072d74}","running.last {id: f86b4d7f6332}","running.last {id: fb4d19ff5398}"
1592771306000,1,,,,,,,,,,,,,,,,,,,,,,,,,,,,,,,,,,,,,,,,,,,,,,,,,
1592771257000,,1,,,,,,,,,,,,,,,,,,,,,,,,1,,,,1,,,,,,,,,1,,,,,,,,,,,
1592771264000,,,1,,,,,,,1,,,,1,1,,,,,,,,,,,,,,,,,,,,,,,,,,,,,,,,,,,
1592771260000,,,,1,,,,,,,,,1,,,,,,,,,,,,,,,,1,,,,,,,,,,,,,,,1,1,,1,1,,1
1592771269000,,,,,1,,,,,,,,,,,,,,,1,,,,,,,,,,,,,,,,,,,,,,,,,,,,,,
1592771258000,,,,,,1,,1,,,,,,,,,,,,,,,,,,,,,,,,,,1,,,,,,,,,,,,,,,,
1592771265000,,,,,,,1,,,,,1,,,,,,,1,,,,,,,,,,,,1,,,,,,,,,,,1,,,,1,,,,
1592771268000,,,,,,,,,1,,,,,,,,,,,,,,,,,,,,,,,,,,,,,,,,,,,,,,,,,
1592771263000,,,,,,,,,,,1,,,,,,,,,,,,,,1,,,,,,,,1,,,,1,,,,,,,,,,,,1,
1592771259000,,,,,,,,,,,,,,,,1,1,,,,,,,,,,1,,,,,1,,,1,,,,,,1,,,,,,,,,
1592771305000,,,,,,,,,,,,,,,,,,1,,,,,,,,,,,,,,,,,,,,,,,,,,,,,,,,
1592771271000,,,,,,,,,,,,,,,,,,,,,1,,1,,,,,,,,,,,,,,,,,,,,,,,,,,,
1592771310000,,,,,,,,,,,,,,,,,,,,,,1,,,,,,,,,,,,,,,,,,,,,,,,,,,,
1592771261000,,,,,,,,,,,,,,,,,,,,,,,,1,,,,,,,,,,,,,,,,,,,1,,,,,,,
1592771326000,,,,,,,,,,,,,,,,,,,,,,,,,,,,1,,,,,,,,,,,,1,,,,,,,,,,
1592771319000,,,,,,,,,,,,,,,,,,,,,,,,,,,,,,,,,,,,1,,,,,,,,,,,,,,
1592771256000,,,,,,,,,,,,,,,,,,,,,,,,,,,,,,,,,,,,,,1,,,,,,,,,,,,

